number,name,ref
1,bulbasaur,/us/pokedex/bulbasaur
2,ivysaur,/us/pokedex/ivysaur
3,venusaur,/us/pokedex/venusaur
4,charmander,/us/pokedex/charmander
5,charmeleon,/us/pokedex/charmeleon
6,charizard,/us/pokedex/charizard
7,squirtle,/us/pokedex/squirtle
8,wartortle,/us/pokedex/wartortle
9,blastoise,/us/pokedex/blastoise
10,caterpie,/us/pokedex/caterpie
11,metapod,/us/pokedex/metapod
12,butterfree,/us/pokedex/butterfree
13,weedle,/us/pokedex/weedle
14,kakuna,/us/pokedex/kakuna
15,beedrill,/us/pokedex/beedrill
16,pidgey,/us/pokedex/pidgey
17,pidgeotto,/us/pokedex/pidgeotto
18,pidgeot,/us/pokedex/pidgeot
19,rattata,/us/pokedex/rattata
20,raticate,/us/pokedex/raticate
21,spearow,/us/pokedex/spearow
22,fearow,/us/pokedex/fearow
23,ekans,/us/pokedex/ekans
24,arbok,/us/pokedex/arbok
25,pikachu,/us/pokedex/pikachu
26,raichu,/us/pokedex/raichu
27,sandshrew,/us/pokedex/sandshrew
28,sandslash,/us/pokedex/sandslash
29,nidoran♀,/us/pokedex/nidoran-female
30,nidorina,/us/pokedex/nidorina
31,nidoqueen,/us/pokedex/nidoqueen
32,nidoran♂,/us/pokedex/nidoran-male
33,nidorino,/us/pokedex/nidorino
34,nidoking,/us/pokedex/nidoking
35,clefairy,/us/pokedex/clefairy
36,clefable,/us/pokedex/clefable
37,vulpix,/us/pokedex/vulpix
38,ninetales,/us/pokedex/ninetales
39,jigglypuff,/us/pokedex/jigglypuff
40,wigglytuff,/us/pokedex/wigglytuff
41,zubat,/us/pokedex/zubat
42,golbat,/us/pokedex/golbat
43,oddish,/us/pokedex/oddish
44,gloom,/us/pokedex/gloom
45,vileplume,/us/pokedex/vileplume
46,paras,/us/pokedex/paras
47,parasect,/us/pokedex/parasect
48,venonat,/us/pokedex/venonat
49,venomoth,/us/pokedex/venomoth
50,diglett,/us/pokedex/diglett
51,dugtrio,/us/pokedex/dugtrio
52,meowth,/us/pokedex/meowth
53,persian,/us/pokedex/persian
54,psyduck,/us/pokedex/psyduck
55,golduck,/us/pokedex/golduck
56,mankey,/us/pokedex/mankey
57,primeape,/us/pokedex/primeape
58,growlithe,/us/pokedex/growlithe
59,arcanine,/us/pokedex/arcanine
60,poliwag,/us/pokedex/poliwag
61,poliwhirl,/us/pokedex/poliwhirl
62,poliwrath,/us/pokedex/poliwrath
63,abra,/us/pokedex/abra
64,kadabra,/us/pokedex/kadabra
65,alakazam,/us/pokedex/alakazam
66,machop,/us/pokedex/machop
67,machoke,/us/pokedex/machoke
68,machamp,/us/pokedex/machamp
69,bellsprout,/us/pokedex/bellsprout
70,weepinbell,/us/pokedex/weepinbell
71,victreebel,/us/pokedex/victreebel
72,tentacool,/us/pokedex/tentacool
73,tentacruel,/us/pokedex/tentacruel
74,geodude,/us/pokedex/geodude
75,graveler,/us/pokedex/graveler
76,golem,/us/pokedex/golem
77,ponyta,/us/pokedex/ponyta
78,rapidash,/us/pokedex/rapidash
79,slowpoke,/us/pokedex/slowpoke
80,slowbro,/us/pokedex/slowbro
81,magnemite,/us/pokedex/magnemite
82,magneton,/us/pokedex/magneton
83,farfetch'd,/us/pokedex/farfetchd
84,doduo,/us/pokedex/doduo
85,dodrio,/us/pokedex/dodrio
86,seel,/us/pokedex/seel
87,dewgong,/us/pokedex/dewgong
88,grimer,/us/pokedex/grimer
89,muk,/us/pokedex/muk
90,shellder,/us/pokedex/shellder
91,cloyster,/us/pokedex/cloyster
92,gastly,/us/pokedex/gastly
93,haunter,/us/pokedex/haunter
94,gengar,/us/pokedex/gengar
95,onix,/us/pokedex/onix
96,drowzee,/us/pokedex/drowzee
97,hypno,/us/pokedex/hypno
98,krabby,/us/pokedex/krabby
99,kingler,/us/pokedex/kingler
100,voltorb,/us/pokedex/voltorb
101,electrode,/us/pokedex/electrode
102,exeggcute,/us/pokedex/exeggcute
103,exeggutor,/us/pokedex/exeggutor
104,cubone,/us/pokedex/cubone
105,marowak,/us/pokedex/marowak
106,hitmonlee,/us/pokedex/hitmonlee
107,hitmonchan,/us/pokedex/hitmonchan
108,lickitung,/us/pokedex/lickitung
109,koffing,/us/pokedex/koffing
110,weezing,/us/pokedex/weezing
111,rhyhorn,/us/pokedex/rhyhorn
112,rhydon,/us/pokedex/rhydon
113,chansey,/us/pokedex/chansey
114,tangela,/us/pokedex/tangela
115,kangaskhan,/us/pokedex/kangaskhan
116,horsea,/us/pokedex/horsea
117,seadra,/us/pokedex/seadra
118,goldeen,/us/pokedex/goldeen
119,seaking,/us/pokedex/seaking
120,staryu,/us/pokedex/staryu
121,starmie,/us/pokedex/starmie
122,mr. mime,/us/pokedex/mr-mime
123,scyther,/us/pokedex/scyther
124,jynx,/us/pokedex/jynx
125,electabuzz,/us/pokedex/electabuzz
126,magmar,/us/pokedex/magmar
127,pinsir,/us/pokedex/pinsir
128,tauros,/us/pokedex/tauros
129,magikarp,/us/pokedex/magikarp
130,gyarados,/us/pokedex/gyarados
131,lapras,/us/pokedex/lapras
132,ditto,/us/pokedex/ditto
133,eevee,/us/pokedex/eevee
134,vaporeon,/us/pokedex/vaporeon
135,jolteon,/us/pokedex/jolteon
136,flareon,/us/pokedex/flareon
137,porygon,/us/pokedex/porygon
138,omanyte,/us/pokedex/omanyte
139,omastar,/us/pokedex/omastar
140,kabuto,/us/pokedex/kabuto
141,kabutops,/us/pokedex/kabutops
142,aerodactyl,/us/pokedex/aerodactyl
143,snorlax,/us/pokedex/snorlax
144,articuno,/us/pokedex/articuno
145,zapdos,/us/pokedex/zapdos
146,moltres,/us/pokedex/moltres
147,dratini,/us/pokedex/dratini
148,dragonair,/us/pokedex/dragonair
149,dragonite,/us/pokedex/dragonite
150,mewtwo,/us/pokedex/mewtwo
151,mew,/us/pokedex/mew
152,chikorita,/us/pokedex/chikorita
153,bayleef,/us/pokedex/bayleef
154,meganium,/us/pokedex/meganium
155,cyndaquil,/us/pokedex/cyndaquil
156,quilava,/us/pokedex/quilava
157,typhlosion,/us/pokedex/typhlosion
158,totodile,/us/pokedex/totodile
159,croconaw,/us/pokedex/croconaw
160,feraligatr,/us/pokedex/feraligatr
161,sentret,/us/pokedex/sentret
162,furret,/us/pokedex/furret
163,hoothoot,/us/pokedex/hoothoot
164,noctowl,/us/pokedex/noctowl
165,ledyba,/us/pokedex/ledyba
166,ledian,/us/pokedex/ledian
167,spinarak,/us/pokedex/spinarak
168,ariados,/us/pokedex/ariados
169,crobat,/us/pokedex/crobat
170,chinchou,/us/pokedex/chinchou
171,lanturn,/us/pokedex/lanturn
172,pichu,/us/pokedex/pichu
173,cleffa,/us/pokedex/cleffa
174,igglybuff,/us/pokedex/igglybuff
175,togepi,/us/pokedex/togepi
176,togetic,/us/pokedex/togetic
177,natu,/us/pokedex/natu
178,xatu,/us/pokedex/xatu
179,mareep,/us/pokedex/mareep
180,flaaffy,/us/pokedex/flaaffy
181,ampharos,/us/pokedex/ampharos
182,bellossom,/us/pokedex/bellossom
183,marill,/us/pokedex/marill
184,azumarill,/us/pokedex/azumarill
185,sudowoodo,/us/pokedex/sudowoodo
186,politoed,/us/pokedex/politoed
187,hoppip,/us/pokedex/hoppip
188,skiploom,/us/pokedex/skiploom
189,jumpluff,/us/pokedex/jumpluff
190,aipom,/us/pokedex/aipom
191,sunkern,/us/pokedex/sunkern
192,sunflora,/us/pokedex/sunflora
193,yanma,/us/pokedex/yanma
194,wooper,/us/pokedex/wooper
195,quagsire,/us/pokedex/quagsire
196,espeon,/us/pokedex/espeon
197,umbreon,/us/pokedex/umbreon
198,murkrow,/us/pokedex/murkrow
199,slowking,/us/pokedex/slowking
200,misdreavus,/us/pokedex/misdreavus
201,unown,/us/pokedex/unown
202,wobbuffet,/us/pokedex/wobbuffet
203,girafarig,/us/pokedex/girafarig
204,pineco,/us/pokedex/pineco
205,forretress,/us/pokedex/forretress
206,dunsparce,/us/pokedex/dunsparce
207,gligar,/us/pokedex/gligar
208,steelix,/us/pokedex/steelix
209,snubbull,/us/pokedex/snubbull
210,granbull,/us/pokedex/granbull
211,qwilfish,/us/pokedex/qwilfish
212,scizor,/us/pokedex/scizor
213,shuckle,/us/pokedex/shuckle
214,heracross,/us/pokedex/heracross
215,sneasel,/us/pokedex/sneasel
216,teddiursa,/us/pokedex/teddiursa
217,ursaring,/us/pokedex/ursaring
218,slugma,/us/pokedex/slugma
219,magcargo,/us/pokedex/magcargo
220,swinub,/us/pokedex/swinub
221,piloswine,/us/pokedex/piloswine
222,corsola,/us/pokedex/corsola
223,remoraid,/us/pokedex/remoraid
224,octillery,/us/pokedex/octillery
225,delibird,/us/pokedex/delibird
226,mantine,/us/pokedex/mantine
227,skarmory,/us/pokedex/skarmory
228,houndour,/us/pokedex/houndour
229,houndoom,/us/pokedex/houndoom
230,kingdra,/us/pokedex/kingdra
231,phanpy,/us/pokedex/phanpy
232,donphan,/us/pokedex/donphan
233,porygon2,/us/pokedex/porygon2
234,stantler,/us/pokedex/stantler
235,smeargle,/us/pokedex/smeargle
236,tyrogue,/us/pokedex/tyrogue
237,hitmontop,/us/pokedex/hitmontop
238,smoochum,/us/pokedex/smoochum
239,elekid,/us/pokedex/elekid
240,magby,/us/pokedex/magby
241,miltank,/us/pokedex/miltank
242,blissey,/us/pokedex/blissey
243,raikou,/us/pokedex/raikou
244,entei,/us/pokedex/entei
245,suicune,/us/pokedex/suicune
246,larvitar,/us/pokedex/larvitar
247,pupitar,/us/pokedex/pupitar
248,tyranitar,/us/pokedex/tyranitar
249,lugia,/us/pokedex/lugia
250,ho-oh,/us/pokedex/ho-oh
251,celebi,/us/pokedex/celebi
252,treecko,/us/pokedex/treecko
253,grovyle,/us/pokedex/grovyle
254,sceptile,/us/pokedex/sceptile
255,torchic,/us/pokedex/torchic
256,combusken,/us/pokedex/combusken
257,blaziken,/us/pokedex/blaziken
258,mudkip,/us/pokedex/mudkip
259,marshtomp,/us/pokedex/marshtomp
260,swampert,/us/pokedex/swampert
261,poochyena,/us/pokedex/poochyena
262,mightyena,/us/pokedex/mightyena
263,zigzagoon,/us/pokedex/zigzagoon
264,linoone,/us/pokedex/linoone
265,wurmple,/us/pokedex/wurmple
266,silcoon,/us/pokedex/silcoon
267,beautifly,/us/pokedex/beautifly
268,cascoon,/us/pokedex/cascoon
269,dustox,/us/pokedex/dustox
270,lotad,/us/pokedex/lotad
271,lombre,/us/pokedex/lombre
272,ludicolo,/us/pokedex/ludicolo
273,seedot,/us/pokedex/seedot
274,nuzleaf,/us/pokedex/nuzleaf
275,shiftry,/us/pokedex/shiftry
276,taillow,/us/pokedex/taillow
277,swellow,/us/pokedex/swellow
278,wingull,/us/pokedex/wingull
279,pelipper,/us/pokedex/pelipper
280,ralts,/us/pokedex/ralts
281,kirlia,/us/pokedex/kirlia
282,gardevoir,/us/pokedex/gardevoir
283,surskit,/us/pokedex/surskit
284,masquerain,/us/pokedex/masquerain
285,shroomish,/us/pokedex/shroomish
286,breloom,/us/pokedex/breloom
287,slakoth,/us/pokedex/slakoth
288,vigoroth,/us/pokedex/vigoroth
289,slaking,/us/pokedex/slaking
290,nincada,/us/pokedex/nincada
291,ninjask,/us/pokedex/ninjask
292,shedinja,/us/pokedex/shedinja
293,whismur,/us/pokedex/whismur
294,loudred,/us/pokedex/loudred
295,exploud,/us/pokedex/exploud
296,makuhita,/us/pokedex/makuhita
297,hariyama,/us/pokedex/hariyama
298,azurill,/us/pokedex/azurill
299,nosepass,/us/pokedex/nosepass
300,skitty,/us/pokedex/skitty
301,delcatty,/us/pokedex/delcatty
302,sableye,/us/pokedex/sableye
303,mawile,/us/pokedex/mawile
304,aron,/us/pokedex/aron
305,lairon,/us/pokedex/lairon
306,aggron,/us/pokedex/aggron
307,meditite,/us/pokedex/meditite
308,medicham,/us/pokedex/medicham
309,electrike,/us/pokedex/electrike
310,manectric,/us/pokedex/manectric
311,plusle,/us/pokedex/plusle
312,minun,/us/pokedex/minun
313,volbeat,/us/pokedex/volbeat
314,illumise,/us/pokedex/illumise
315,roselia,/us/pokedex/roselia
316,gulpin,/us/pokedex/gulpin
317,swalot,/us/pokedex/swalot
318,carvanha,/us/pokedex/carvanha
319,sharpedo,/us/pokedex/sharpedo
320,wailmer,/us/pokedex/wailmer
321,wailord,/us/pokedex/wailord
322,numel,/us/pokedex/numel
323,camerupt,/us/pokedex/camerupt
324,torkoal,/us/pokedex/torkoal
325,spoink,/us/pokedex/spoink
326,grumpig,/us/pokedex/grumpig
327,spinda,/us/pokedex/spinda
328,trapinch,/us/pokedex/trapinch
329,vibrava,/us/pokedex/vibrava
330,flygon,/us/pokedex/flygon
331,cacnea,/us/pokedex/cacnea
332,cacturne,/us/pokedex/cacturne
333,swablu,/us/pokedex/swablu
334,altaria,/us/pokedex/altaria
335,zangoose,/us/pokedex/zangoose
336,seviper,/us/pokedex/seviper
337,lunatone,/us/pokedex/lunatone
338,solrock,/us/pokedex/solrock
339,barboach,/us/pokedex/barboach
340,whiscash,/us/pokedex/whiscash
341,corphish,/us/pokedex/corphish
342,crawdaunt,/us/pokedex/crawdaunt
343,baltoy,/us/pokedex/baltoy
344,claydol,/us/pokedex/claydol
345,lileep,/us/pokedex/lileep
346,cradily,/us/pokedex/cradily
347,anorith,/us/pokedex/anorith
348,armaldo,/us/pokedex/armaldo
349,feebas,/us/pokedex/feebas
350,milotic,/us/pokedex/milotic
351,castform,/us/pokedex/castform
352,kecleon,/us/pokedex/kecleon
353,shuppet,/us/pokedex/shuppet
354,banette,/us/pokedex/banette
355,duskull,/us/pokedex/duskull
356,dusclops,/us/pokedex/dusclops
357,tropius,/us/pokedex/tropius
358,chimecho,/us/pokedex/chimecho
359,absol,/us/pokedex/absol
360,wynaut,/us/pokedex/wynaut
361,snorunt,/us/pokedex/snorunt
362,glalie,/us/pokedex/glalie
363,spheal,/us/pokedex/spheal
364,sealeo,/us/pokedex/sealeo
365,walrein,/us/pokedex/walrein
366,clamperl,/us/pokedex/clamperl
367,huntail,/us/pokedex/huntail
368,gorebyss,/us/pokedex/gorebyss
369,relicanth,/us/pokedex/relicanth
370,luvdisc,/us/pokedex/luvdisc
371,bagon,/us/pokedex/bagon
372,shelgon,/us/pokedex/shelgon
373,salamence,/us/pokedex/salamence
374,beldum,/us/pokedex/beldum
375,metang,/us/pokedex/metang
376,metagross,/us/pokedex/metagross
377,regirock,/us/pokedex/regirock
378,regice,/us/pokedex/regice
379,registeel,/us/pokedex/registeel
380,latias,/us/pokedex/latias
381,latios,/us/pokedex/latios
382,kyogre,/us/pokedex/kyogre
383,groudon,/us/pokedex/groudon
384,rayquaza,/us/pokedex/rayquaza
385,jirachi,/us/pokedex/jirachi
386,deoxys,/us/pokedex/deoxys
387,turtwig,/us/pokedex/turtwig
388,grotle,/us/pokedex/grotle
389,torterra,/us/pokedex/torterra
390,chimchar,/us/pokedex/chimchar
391,monferno,/us/pokedex/monferno
392,infernape,/us/pokedex/infernape
393,piplup,/us/pokedex/piplup
394,prinplup,/us/pokedex/prinplup
395,empoleon,/us/pokedex/empoleon
396,starly,/us/pokedex/starly
397,staravia,/us/pokedex/staravia
398,staraptor,/us/pokedex/staraptor
399,bidoof,/us/pokedex/bidoof
400,bibarel,/us/pokedex/bibarel
401,kricketot,/us/pokedex/kricketot
402,kricketune,/us/pokedex/kricketune
403,shinx,/us/pokedex/shinx
404,luxio,/us/pokedex/luxio
405,luxray,/us/pokedex/luxray
406,budew,/us/pokedex/budew
407,roserade,/us/pokedex/roserade
408,cranidos,/us/pokedex/cranidos
409,rampardos,/us/pokedex/rampardos
410,shieldon,/us/pokedex/shieldon
411,bastiodon,/us/pokedex/bastiodon
412,burmy,/us/pokedex/burmy
413,wormadam,/us/pokedex/wormadam
414,mothim,/us/pokedex/mothim
415,combee,/us/pokedex/combee
416,vespiquen,/us/pokedex/vespiquen
417,pachirisu,/us/pokedex/pachirisu
418,buizel,/us/pokedex/buizel
419,floatzel,/us/pokedex/floatzel
420,cherubi,/us/pokedex/cherubi
421,cherrim,/us/pokedex/cherrim
422,shellos,/us/pokedex/shellos
423,gastrodon,/us/pokedex/gastrodon
424,ambipom,/us/pokedex/ambipom
425,drifloon,/us/pokedex/drifloon
426,drifblim,/us/pokedex/drifblim
427,buneary,/us/pokedex/buneary
428,lopunny,/us/pokedex/lopunny
429,mismagius,/us/pokedex/mismagius
430,honchkrow,/us/pokedex/honchkrow
431,glameow,/us/pokedex/glameow
432,purugly,/us/pokedex/purugly
433,chingling,/us/pokedex/chingling
434,stunky,/us/pokedex/stunky
435,skuntank,/us/pokedex/skuntank
436,bronzor,/us/pokedex/bronzor
437,bronzong,/us/pokedex/bronzong
438,bonsly,/us/pokedex/bonsly
439,mime jr.,/us/pokedex/mime-jr
440,happiny,/us/pokedex/happiny
441,chatot,/us/pokedex/chatot
442,spiritomb,/us/pokedex/spiritomb
443,gible,/us/pokedex/gible
444,gabite,/us/pokedex/gabite
445,garchomp,/us/pokedex/garchomp
446,munchlax,/us/pokedex/munchlax
447,riolu,/us/pokedex/riolu
448,lucario,/us/pokedex/lucario
449,hippopotas,/us/pokedex/hippopotas
450,hippowdon,/us/pokedex/hippowdon
451,skorupi,/us/pokedex/skorupi
452,drapion,/us/pokedex/drapion
453,croagunk,/us/pokedex/croagunk
454,toxicroak,/us/pokedex/toxicroak
455,carnivine,/us/pokedex/carnivine
456,finneon,/us/pokedex/finneon
457,lumineon,/us/pokedex/lumineon
458,mantyke,/us/pokedex/mantyke
459,snover,/us/pokedex/snover
460,abomasnow,/us/pokedex/abomasnow
461,weavile,/us/pokedex/weavile
462,magnezone,/us/pokedex/magnezone
463,lickilicky,/us/pokedex/lickilicky
464,rhyperior,/us/pokedex/rhyperior
465,tangrowth,/us/pokedex/tangrowth
466,electivire,/us/pokedex/electivire
467,magmortar,/us/pokedex/magmortar
468,togekiss,/us/pokedex/togekiss
469,yanmega,/us/pokedex/yanmega
470,leafeon,/us/pokedex/leafeon
471,glaceon,/us/pokedex/glaceon
472,gliscor,/us/pokedex/gliscor
473,mamoswine,/us/pokedex/mamoswine
474,porygon-z,/us/pokedex/porygon-z
475,gallade,/us/pokedex/gallade
476,probopass,/us/pokedex/probopass
477,dusknoir,/us/pokedex/dusknoir
478,froslass,/us/pokedex/froslass
479,rotom,/us/pokedex/rotom
480,uxie,/us/pokedex/uxie
481,mesprit,/us/pokedex/mesprit
482,azelf,/us/pokedex/azelf
483,dialga,/us/pokedex/dialga
484,palkia,/us/pokedex/palkia
485,heatran,/us/pokedex/heatran
486,regigigas,/us/pokedex/regigigas
487,giratina,/us/pokedex/giratina
488,cresselia,/us/pokedex/cresselia
489,phione,/us/pokedex/phione
490,manaphy,/us/pokedex/manaphy
491,darkrai,/us/pokedex/darkrai
492,shaymin,/us/pokedex/shaymin
493,arceus,/us/pokedex/arceus
494,victini,/us/pokedex/victini
495,snivy,/us/pokedex/snivy
496,servine,/us/pokedex/servine
497,serperior,/us/pokedex/serperior
498,tepig,/us/pokedex/tepig
499,pignite,/us/pokedex/pignite
500,emboar,/us/pokedex/emboar
501,oshawott,/us/pokedex/oshawott
502,dewott,/us/pokedex/dewott
503,samurott,/us/pokedex/samurott
504,patrat,/us/pokedex/patrat
505,watchog,/us/pokedex/watchog
506,lillipup,/us/pokedex/lillipup
507,herdier,/us/pokedex/herdier
508,stoutland,/us/pokedex/stoutland
509,purrloin,/us/pokedex/purrloin
510,liepard,/us/pokedex/liepard
511,pansage,/us/pokedex/pansage
512,simisage,/us/pokedex/simisage
513,pansear,/us/pokedex/pansear
514,simisear,/us/pokedex/simisear
515,panpour,/us/pokedex/panpour
516,simipour,/us/pokedex/simipour
517,munna,/us/pokedex/munna
518,musharna,/us/pokedex/musharna
519,pidove,/us/pokedex/pidove
520,tranquill,/us/pokedex/tranquill
521,unfezant,/us/pokedex/unfezant
522,blitzle,/us/pokedex/blitzle
523,zebstrika,/us/pokedex/zebstrika
524,roggenrola,/us/pokedex/roggenrola
525,boldore,/us/pokedex/boldore
526,gigalith,/us/pokedex/gigalith
527,woobat,/us/pokedex/woobat
528,swoobat,/us/pokedex/swoobat
529,drilbur,/us/pokedex/drilbur
530,excadrill,/us/pokedex/excadrill
531,audino,/us/pokedex/audino
532,timburr,/us/pokedex/timburr
533,gurdurr,/us/pokedex/gurdurr
534,conkeldurr,/us/pokedex/conkeldurr
535,tympole,/us/pokedex/tympole
536,palpitoad,/us/pokedex/palpitoad
537,seismitoad,/us/pokedex/seismitoad
538,throh,/us/pokedex/throh
539,sawk,/us/pokedex/sawk
540,sewaddle,/us/pokedex/sewaddle
541,swadloon,/us/pokedex/swadloon
542,leavanny,/us/pokedex/leavanny
543,venipede,/us/pokedex/venipede
544,whirlipede,/us/pokedex/whirlipede
545,scolipede,/us/pokedex/scolipede
546,cottonee,/us/pokedex/cottonee
547,whimsicott,/us/pokedex/whimsicott
548,petilil,/us/pokedex/petilil
549,lilligant,/us/pokedex/lilligant
550,basculin,/us/pokedex/basculin
551,sandile,/us/pokedex/sandile
552,krokorok,/us/pokedex/krokorok
553,krookodile,/us/pokedex/krookodile
554,darumaka,/us/pokedex/darumaka
555,darmanitan,/us/pokedex/darmanitan
556,maractus,/us/pokedex/maractus
557,dwebble,/us/pokedex/dwebble
558,crustle,/us/pokedex/crustle
559,scraggy,/us/pokedex/scraggy
560,scrafty,/us/pokedex/scrafty
561,sigilyph,/us/pokedex/sigilyph
562,yamask,/us/pokedex/yamask
563,cofagrigus,/us/pokedex/cofagrigus
564,tirtouga,/us/pokedex/tirtouga
565,carracosta,/us/pokedex/carracosta
566,archen,/us/pokedex/archen
567,archeops,/us/pokedex/archeops
568,trubbish,/us/pokedex/trubbish
569,garbodor,/us/pokedex/garbodor
570,zorua,/us/pokedex/zorua
571,zoroark,/us/pokedex/zoroark
572,minccino,/us/pokedex/minccino
573,cinccino,/us/pokedex/cinccino
574,gothita,/us/pokedex/gothita
575,gothorita,/us/pokedex/gothorita
576,gothitelle,/us/pokedex/gothitelle
577,solosis,/us/pokedex/solosis
578,duosion,/us/pokedex/duosion
579,reuniclus,/us/pokedex/reuniclus
580,ducklett,/us/pokedex/ducklett
581,swanna,/us/pokedex/swanna
582,vanillite,/us/pokedex/vanillite
583,vanillish,/us/pokedex/vanillish
584,vanilluxe,/us/pokedex/vanilluxe
585,deerling,/us/pokedex/deerling
586,sawsbuck,/us/pokedex/sawsbuck
587,emolga,/us/pokedex/emolga
588,karrablast,/us/pokedex/karrablast
589,escavalier,/us/pokedex/escavalier
590,foongus,/us/pokedex/foongus
591,amoonguss,/us/pokedex/amoonguss
592,frillish,/us/pokedex/frillish
593,jellicent,/us/pokedex/jellicent
594,alomomola,/us/pokedex/alomomola
595,joltik,/us/pokedex/joltik
596,galvantula,/us/pokedex/galvantula
597,ferroseed,/us/pokedex/ferroseed
598,ferrothorn,/us/pokedex/ferrothorn
599,klink,/us/pokedex/klink
600,klang,/us/pokedex/klang
601,klinklang,/us/pokedex/klinklang
602,tynamo,/us/pokedex/tynamo
603,eelektrik,/us/pokedex/eelektrik
604,eelektross,/us/pokedex/eelektross
605,elgyem,/us/pokedex/elgyem
606,beheeyem,/us/pokedex/beheeyem
607,litwick,/us/pokedex/litwick
608,lampent,/us/pokedex/lampent
609,chandelure,/us/pokedex/chandelure
610,axew,/us/pokedex/axew
611,fraxure,/us/pokedex/fraxure
612,haxorus,/us/pokedex/haxorus
613,cubchoo,/us/pokedex/cubchoo
614,beartic,/us/pokedex/beartic
615,cryogonal,/us/pokedex/cryogonal
616,shelmet,/us/pokedex/shelmet
617,accelgor,/us/pokedex/accelgor
618,stunfisk,/us/pokedex/stunfisk
619,mienfoo,/us/pokedex/mienfoo
620,mienshao,/us/pokedex/mienshao
621,druddigon,/us/pokedex/druddigon
622,golett,/us/pokedex/golett
623,golurk,/us/pokedex/golurk
624,pawniard,/us/pokedex/pawniard
625,bisharp,/us/pokedex/bisharp
626,bouffalant,/us/pokedex/bouffalant
627,rufflet,/us/pokedex/rufflet
628,braviary,/us/pokedex/braviary
629,vullaby,/us/pokedex/vullaby
630,mandibuzz,/us/pokedex/mandibuzz
631,heatmor,/us/pokedex/heatmor
632,durant,/us/pokedex/durant
633,deino,/us/pokedex/deino
634,zweilous,/us/pokedex/zweilous
635,hydreigon,/us/pokedex/hydreigon
636,larvesta,/us/pokedex/larvesta
637,volcarona,/us/pokedex/volcarona
638,cobalion,/us/pokedex/cobalion
639,terrakion,/us/pokedex/terrakion
640,virizion,/us/pokedex/virizion
641,tornadus,/us/pokedex/tornadus
642,thundurus,/us/pokedex/thundurus
643,reshiram,/us/pokedex/reshiram
644,zekrom,/us/pokedex/zekrom
645,landorus,/us/pokedex/landorus
646,kyurem,/us/pokedex/kyurem
647,keldeo,/us/pokedex/keldeo
648,meloetta,/us/pokedex/meloetta
649,genesect,/us/pokedex/genesect
650,chespin,/us/pokedex/chespin
651,quilladin,/us/pokedex/quilladin
652,chesnaught,/us/pokedex/chesnaught
653,fennekin,/us/pokedex/fennekin
654,braixen,/us/pokedex/braixen
655,delphox,/us/pokedex/delphox
656,froakie,/us/pokedex/froakie
657,frogadier,/us/pokedex/frogadier
658,greninja,/us/pokedex/greninja
659,bunnelby,/us/pokedex/bunnelby
660,diggersby,/us/pokedex/diggersby
661,fletchling,/us/pokedex/fletchling
662,fletchinder,/us/pokedex/fletchinder
663,talonflame,/us/pokedex/talonflame
664,scatterbug,/us/pokedex/scatterbug
665,spewpa,/us/pokedex/spewpa
666,vivillon,/us/pokedex/vivillon
667,litleo,/us/pokedex/litleo
668,pyroar,/us/pokedex/pyroar
669,flabébé,/us/pokedex/flabebe
670,floette,/us/pokedex/floette
671,florges,/us/pokedex/florges
672,skiddo,/us/pokedex/skiddo
673,gogoat,/us/pokedex/gogoat
674,pancham,/us/pokedex/pancham
675,pangoro,/us/pokedex/pangoro
676,furfrou,/us/pokedex/furfrou
677,espurr,/us/pokedex/espurr
678,meowstic,/us/pokedex/meowstic
679,honedge,/us/pokedex/honedge
680,doublade,/us/pokedex/doublade
681,aegislash,/us/pokedex/aegislash
682,spritzee,/us/pokedex/spritzee
683,aromatisse,/us/pokedex/aromatisse
684,swirlix,/us/pokedex/swirlix
685,slurpuff,/us/pokedex/slurpuff
686,inkay,/us/pokedex/inkay
687,malamar,/us/pokedex/malamar
688,binacle,/us/pokedex/binacle
689,barbaracle,/us/pokedex/barbaracle
690,skrelp,/us/pokedex/skrelp
691,dragalge,/us/pokedex/dragalge
692,clauncher,/us/pokedex/clauncher
693,clawitzer,/us/pokedex/clawitzer
694,helioptile,/us/pokedex/helioptile
695,heliolisk,/us/pokedex/heliolisk
696,tyrunt,/us/pokedex/tyrunt
697,tyrantrum,/us/pokedex/tyrantrum
698,amaura,/us/pokedex/amaura
699,aurorus,/us/pokedex/aurorus
700,sylveon,/us/pokedex/sylveon
701,hawlucha,/us/pokedex/hawlucha
702,dedenne,/us/pokedex/dedenne
703,carbink,/us/pokedex/carbink
704,goomy,/us/pokedex/goomy
705,sliggoo,/us/pokedex/sliggoo
706,goodra,/us/pokedex/goodra
707,klefki,/us/pokedex/klefki
708,phantump,/us/pokedex/phantump
709,trevenant,/us/pokedex/trevenant
710,pumpkaboo,/us/pokedex/pumpkaboo
711,gourgeist,/us/pokedex/gourgeist
712,bergmite,/us/pokedex/bergmite
713,avalugg,/us/pokedex/avalugg
714,noibat,/us/pokedex/noibat
715,noivern,/us/pokedex/noivern
716,xerneas,/us/pokedex/xerneas
717,yveltal,/us/pokedex/yveltal
718,zygarde,/us/pokedex/zygarde
719,diancie,/us/pokedex/diancie
720,hoopa,/us/pokedex/hoopa
721,volcanion,/us/pokedex/volcanion
722,rowlet,/us/pokedex/rowlet
723,dartrix,/us/pokedex/dartrix
724,decidueye,/us/pokedex/decidueye
725,litten,/us/pokedex/litten
726,torracat,/us/pokedex/torracat
727,incineroar,/us/pokedex/incineroar
728,popplio,/us/pokedex/popplio
729,brionne,/us/pokedex/brionne
730,primarina,/us/pokedex/primarina
731,pikipek,/us/pokedex/pikipek
732,trumbeak,/us/pokedex/trumbeak
733,toucannon,/us/pokedex/toucannon
734,yungoos,/us/pokedex/yungoos
735,gumshoos,/us/pokedex/gumshoos
736,grubbin,/us/pokedex/grubbin
737,charjabug,/us/pokedex/charjabug
738,vikavolt,/us/pokedex/vikavolt
739,crabrawler,/us/pokedex/crabrawler
740,crabominable,/us/pokedex/crabominable
741,oricorio,/us/pokedex/oricorio
742,cutiefly,/us/pokedex/cutiefly
743,ribombee,/us/pokedex/ribombee
744,rockruff,/us/pokedex/rockruff
745,lycanroc,/us/pokedex/lycanroc
746,wishiwashi,/us/pokedex/wishiwashi
747,mareanie,/us/pokedex/mareanie
748,toxapex,/us/pokedex/toxapex
749,mudbray,/us/pokedex/mudbray
750,mudsdale,/us/pokedex/mudsdale
751,dewpider,/us/pokedex/dewpider
752,araquanid,/us/pokedex/araquanid
753,fomantis,/us/pokedex/fomantis
754,lurantis,/us/pokedex/lurantis
755,morelull,/us/pokedex/morelull
756,shiinotic,/us/pokedex/shiinotic
757,salandit,/us/pokedex/salandit
758,salazzle,/us/pokedex/salazzle
759,stufful,/us/pokedex/stufful
760,bewear,/us/pokedex/bewear
761,bounsweet,/us/pokedex/bounsweet
762,steenee,/us/pokedex/steenee
763,tsareena,/us/pokedex/tsareena
764,comfey,/us/pokedex/comfey
765,oranguru,/us/pokedex/oranguru
766,passimian,/us/pokedex/passimian
767,wimpod,/us/pokedex/wimpod
768,golisopod,/us/pokedex/golisopod
769,sandygast,/us/pokedex/sandygast
770,palossand,/us/pokedex/palossand
771,pyukumuku,/us/pokedex/pyukumuku
772,type: null,/us/pokedex/type-null
773,silvally,/us/pokedex/silvally
774,minior,/us/pokedex/minior
775,komala,/us/pokedex/komala
776,turtonator,/us/pokedex/turtonator
777,togedemaru,/us/pokedex/togedemaru
778,mimikyu,/us/pokedex/mimikyu
779,bruxish,/us/pokedex/bruxish
780,drampa,/us/pokedex/drampa
781,dhelmise,/us/pokedex/dhelmise
782,jangmo-o,/us/pokedex/jangmo-o
783,hakamo-o,/us/pokedex/hakamo-o
784,kommo-o,/us/pokedex/kommo-o
785,tapu koko,/us/pokedex/tapu-koko
786,tapu lele,/us/pokedex/tapu-lele
787,tapu bulu,/us/pokedex/tapu-bulu
788,tapu fini,/us/pokedex/tapu-fini
789,cosmog,/us/pokedex/cosmog
790,cosmoem,/us/pokedex/cosmoem
791,solgaleo,/us/pokedex/solgaleo
792,lunala,/us/pokedex/lunala
793,nihilego,/us/pokedex/nihilego
794,buzzwole,/us/pokedex/buzzwole
795,pheromosa,/us/pokedex/pheromosa
796,xurkitree,/us/pokedex/xurkitree
797,celesteela,/us/pokedex/celesteela
798,kartana,/us/pokedex/kartana
799,guzzlord,/us/pokedex/guzzlord
800,necrozma,/us/pokedex/necrozma
801,magearna,/us/pokedex/magearna
802,marshadow,/us/pokedex/marshadow
803,poipole,/us/pokedex/poipole
804,naganadel,/us/pokedex/naganadel
805,stakataka,/us/pokedex/stakataka
806,blacephalon,/us/pokedex/blacephalon
807,zeraora,/us/pokedex/zeraora
808,meltan,/us/pokedex/meltan
809,melmetal,/us/pokedex/melmetal
